Settlement Location,InferredLocationType,est_Latitude,est_Longitude
WR.VOLT.0093,Resource,38.37674608950846,-95.91308416276031
WR.VOLT.0019,Resource,37.38456318825602,-95.99191466518602
WR.VOLT.0101,Resource,37.25113638688202,-96.06623496804166
CSWS.VOLT.0078,Resource,34.69107075005344,-98.2055336203408
CSWS.VOLT.0082,Resource,36.08405797387533,-95.97943444492915
CSWS.VOLT.0081,Resource,36.09925160746612,-95.766140312562
OKGE.VOLT.0062,Resource,35.514955274737744,-96.61255235991483
AECI,Interface,37.863902292722074,-93.23210751170711
MOWR,Interface,37.58905459814192,-93.36797025058898
CSWS.VOLT.0079,Resource,36.04838078130083,-95.6595641399966
CSWS.VOLT.0084,Resource,36.28104502729881,-95.00268742874408
OKGE.VOLT.0026,Resource,35.493343193774564,-96.58290213722488
OKGE.VOLT.0063,Resource,34.51749828927874,-96.94717725418316
CSWS.VOLT.0077,Resource,36.005755642742685,-95.95176280988015
BLKW,Interface,34.27210399722755,-104.84423763483774
CSWS.VOLT.0114,Resource,36.376013343058624,-95.20769922426302
OKGE.VOLT.0061,Resource,35.42225416539321,-96.54713180705049
OKGE.VOLT.0071,Resource,35.57318061471214,-94.87054800449559
KCPL.VOLT.0012,Resource,39.24719257549829,-93.61239885616466
KCPL.VOLT.0100,Resource,39.27212129008101,-93.6309642338673
COWP,Load,37.56921827928749,-93.26098531274685
SPS.VOLT.0104,Resource,35.39081280091457,-100.70250701938788
AECC_CSWS,Load,34.30931645464927,-94.38413636903782
AECC_ELKINS,Resource,35.95036252079592,-94.00876565554621
AECC_FITZHUGH,Resource,35.45689974770291,-93.8038537910234
AECC_FLTCREEK,Resource,36.274204342833436,-94.54330183565263
AECC_FULTON,Resource,33.60876327562181,-93.78575383524785
AECC_HYDRO13,Resource,35.36776901297591,-94.27362375525698
AECC_JWTURK,Resource,33.60445192273038,-93.78556844763179
AEPM_CSWS,Load,35.61455733047127,-94.63208784686961
CSWARSENALHILL5,Resource,32.524979888152345,-93.76883846799066
CSWCOMANCHE1,Resource,34.539913966262695,-98.2729015622732
CSWETTURK,Resource,33.638553634621275,-93.8099696759478
CSWFLINTCREEK1,Resource,36.226472561697044,-94.56207348786532
CSWJLSTALL,Resource,32.512927846829314,-93.79128787961083
CSWKNOXLEE5,Resource,32.372708973241565,-94.63451238651227
CSWLIEBERMAN3,Resource,32.74217680220079,-93.96995337938127
CSWLIEBERMAN4,Resource,32.69739785145614,-93.96883671775399
CSWMATTISON1,Resource,36.194339162046894,-94.27349245968001
CSWMATTISON2,Resource,36.16806015031907,-94.28165122325197
CSWMATTISON3,Resource,36.19123471406806,-94.30063351910928
CSWMATTISON4,Resource,36.170193529666314,-94.23002881911849
CSWMSTURK,Resource,33.65871671406546,-93.81568422039635
CSWNARROWS1,Resource,34.20022425353824,-93.72231943893463
CSWNORTHEASTERN1,Resource,36.4079587887465,-95.67570507466883
CSWNORTHEASTERN2,Resource,36.389590475943066,-95.7046940096587
CSWNORTHEASTERN3,Resource,36.4338139805776,-95.70748949649095
CSWPIRKEY1,Resource,32.45554712442879,-94.49050801769856
CSWRIVERSIDE1,Resource,36.03329591027846,-95.94644597619597
CSWRIVERSIDE2,Resource,35.9840635281075,-95.90675619377859
CSWRIVERSIDE3,Resource,36.00170508178002,-95.94195060561414
CSWRIVERSIDE4,Resource,35.973837799182476,-95.97316989606452
CSWS.7CBY.7CBYWIND,Resource,35.25274844441806,-98.94289262448613
CSWS.AECC.DRIFTSAND,Resource,35.342966735811096,-96.60547517548086
CSWS.AECC.WILDHORSE,Resource,34.555701010255156,-95.20633004302302
CSWS.EKCW.EKCW,Resource,35.47134494673607,-99.88974677109478
CSWS.FPLP.RSES.MSR,Resource,34.706497413022554,-97.85906732986409
CSWS.GREENCOUNTRY,Hub,36.01777911416312,-95.93431541420358
CSWS.GREENCOUNTRY_2,Hub,36.02603161857847,-95.94898410706472
CSWS.GREENCOUNTRY_3,Hub,36.034517510898425,-95.95881517687783
CSWS.HCPP.RBPW,Resource,35.34119574710467,-96.61464818406341
CSWS.OMPA.TURK,Resource,33.64189831872776,-93.78828758274881
CSWS.RSPA.RUSHSPRWNDA,Resource,34.69699055135415,-97.82191468212523
CSWS.RSPB.RUSHSPRWNDB,Resource,34.70595888502475,-97.83098727553167
CSWS.TNSK.CADO,Resource,34.98730764312832,-98.36864171043202
CSWS.TNSK.ELKCITY2,Resource,35.4443796865464,-99.92675684664736
CSWS.TNSK.GREENCOUNTRY,Resource,35.96745328899213,-95.89865491943085
CSWS.TNSK.GREENCOUNTRY2,Resource,35.96549504803088,-95.93648059743346
CSWS.TNSK.GREENCOUNTRY3,Resource,35.978388308669295,-95.95252692561937
CSWS.TNSK.KIAPB1,Resource,34.69372082124382,-95.95658433248295
CSWS.TNSK.KIAPB2,Resource,34.65518214826274,-95.96026237637975
CSWS.VOLT.0004,Resource,32.62200102843485,-94.45118283068093
CSWS.VOLT.0025,Hub,38.269535620701305,-93.79871965808452
CSWS.VOLT.0044,Resource,36.04834688857007,-96.02207552007337
CSWS.VOLT.0050,Resource,32.76764705926348,-94.42863288043566
CSWS.VOLT.0051,Resource,38.42034980282465,-93.45043767263842
CSWS.VOLT.0058,Hub,36.01258214781729,-94.40741904132602
CSWS.WTHW.WTHW,Resource,35.50910179077538,-98.77672764801657
CSWSEASTMAN,Resource,32.434978315870154,-94.70689310413542
CSWSOUTHWESTERN1,Resource,35.059050426063884,-98.3605246429351
CSWSOUTHWESTERN2,Resource,35.09101728534843,-98.37434415919344
CSWSOUTHWESTERN3,Resource,35.10308126869824,-98.36062865128582
CSWSOUTHWESTERN4,Resource,35.10882747593161,-98.41524840543815
CSWSOUTHWESTERN5,Resource,35.12144588865624,-98.3507749822636
CSWSWTURK,Resource,33.64524219271846,-93.79357893131704
CSWS_ETEC_LOAD,Load,33.38076330797464,-93.79022125356389
CSWS_OMPA_PIRKEY,Resource,32.46639420012827,-94.5040115225243
CSWTULSA2,Resource,36.139297379749614,-96.01016046476569
CSWTULSA4,Resource,36.12367685560089,-96.00552942481015
CSWWELEETKA4,Resource,35.31187418295072,-96.13992864435606
CSWWELEETKA5,Resource,35.32475088343354,-96.15678201644597
CSWWELSH1,Resource,33.02692329318308,-94.86955429673327
CSWWELSH3,Resource,33.06188072145953,-94.89447459454233
CSWWILKES1,Resource,32.859368422670066,-94.51787766159927
CSWWILKES2,Resource,32.859982463511415,-94.53278915638906
CSWWILKES3,Resource,32.86355275871322,-94.55872813849678
DEMPSEY_RIDGE_WIND,Resource,35.54705265179033,-99.79831842207241
GATEWAY_LOAD,Load,32.49824042994561,-94.42561623809915
GATEWAY_PLANT,Resource,32.495465273837745,-94.44661545733182
GSEC_GL_CSWS,Load,33.46754906442618,-99.9536783280073
HARRISON,Resource,32.3753992889804,-94.40931875762796
OKGE.VOLT.0028,Resource,35.47447061691897,-96.59094923035839
OKGE.VOLT.0039,Resource,34.56907134802684,-97.57484496560956
OMPA_AEL,Resource,35.993368601779,-96.01500757627244
OMPA_PAWHUSKA,Resource,36.683620575487744,-96.3177008119637
ONETA,Resource,35.98614944378146,-95.67320353683205
ONETA_2,Resource,36.03004470468985,-95.69569092463445
ONETA_3,Resource,36.02486709195755,-95.68737875246741
ONETA_4,Resource,35.995534083167456,-95.66878041983016
WFEC_RKYRIDGE_WIND_FARM,Resource,35.11245377247268,-98.9859919917661
CSWS.VOLT.0092,Resource,32.829298717604104,-93.9582717356541
OKGE.VOLT.0034,Resource,35.70932742063463,-95.06888283477141
OKGE.VOLT.0036,Resource,35.74051429347308,-95.11002401157427
EDDY,Interface,32.71893085155543,-104.10510702493929
EDE.KINGSPOINT,Resource,37.251891438172365,-94.06854719941349
EDE.NORTHFORK,Resource,37.3920866057808,-94.47856427626132
EDE.SLCC,Resource,37.06058951026723,-94.607731422497
EDEP_SWMPEPHUB,Hub,38.073514149024895,-95.29370157534241
EDE_EC_01,Resource,37.12672227695711,-94.1328170452208
EDE_EC_02,Resource,37.118351876702455,-94.05643029480409
EDE_EC_03,Resource,37.106121943412006,-94.13522584520432
EDE_EC_04,Resource,37.12648090819829,-94.10282223659897
EDE_EDE,Load,37.10185781330434,-93.86106842271172
EDE_ERW,Resource,37.56880373908389,-96.53332848966802
EDE_MWW,Resource,38.593731654819805,-95.91651499484962
EDE_OZD_5,Resource,36.6551825931489,-93.11939253421811
EDE_OZD_6,Resource,36.63925602909124,-93.13620540600968
EDE_OZD_7,Resource,36.64205560701024,-93.13963952072332
EDE_OZD_8,Resource,36.6524433593535,-93.12163940849896
EDE_PLUMPOINT,Resource,37.57394647052793,-93.30101041194573
EDE_RIV_10,Resource,37.07821937220297,-94.68485134325552
EDE_RIV_11,Resource,37.07246852261581,-94.69556058293072
EDE_RIV_12,Resource,37.07816720751459,-94.71015707292264
EDE_SL_01,Resource,37.083172593740784,-94.62801612960244
EDE_SWMP,Load,36.96354132581412,-93.56892263215742
DOE,Interface,38.96113008813474,-93.25046007371735
EEI,Interface,38.9956247854043,-93.24076613615898
OKGE.VOLT.0031,Resource,35.52129664784022,-96.77154846040777
WR.VOLT.0021,Resource,37.268694136615416,-96.23768976375419
ERCOTE,Interface,33.12065025106198,-94.97278937700676
ERCOTN,Interface,35.302981706102436,-99.02886260651653
OKGE.VOLT.0033,Resource,35.39730114562174,-96.78811634824407
FREM_LOAD,Load,41.2146072234182,-94.95421219944284
CSWS.VOLT.0076,Resource,36.1878249565977,-95.71174484044819
HAST_TNSK_HUB,Hub,40.29390356071698,-98.52718986210044
WR.VOLT.0095,Resource,37.45287284461894,-96.40301898636868
OKGE.VOLT.0029,Resource,35.424740238756414,-96.80975014543678
OKGE.VOLT.0066,Resource,35.38324899168156,-96.79792876479341
OKGE.VOLT.0037,Resource,35.58964977417082,-96.52508712850819
OKGE.VOLT.0038,Resource,35.631176291094064,-96.53191676030475
CANADIAN_HILLS_3,Resource,35.64829850328646,-96.74129880039327
COFFEYVILLE_7,Resource,37.01246851979288,-95.63471191675674
GRDA.COFF10,Resource,37.02450404176091,-95.60031724697903
GRDA.COFF8,Resource,37.01576727828838,-95.61744939502562
GRDA.COFF9,Resource,37.02925494056003,-95.58964266567509
GRDA.GREC2,Resource,36.18967343297874,-95.310337689984
GRDA.GREC2AUX,Load,36.18078065232429,-95.31695562905067
GRDA.GREC3,Resource,36.19313049336238,-95.31946017238407
GRDA.GREC3AUX,Load,36.22816341099532,-95.33355145381313
GRDA.SEC1,Resource,36.18259239758291,-97.027905277937
GRDA.SEC2,Resource,36.14369606447591,-97.05275376523996
GRDA.SEC3,Resource,36.179420784263314,-97.0339796785276
GRDAHUB2,Hub,35.93093629260157,-96.70415281339638
GRDAHUB3,Hub,35.95720293771277,-96.69506458582826
GRDA_GRDA,Load,36.26182577648639,-95.41344579449496
GRDA_HUB,Hub,35.39045317358055,-96.71614313034918
GRDA_HUBSA,Hub,35.80739821138936,-96.5612956663089
GRDA_PUMP,Load,36.26235226067768,-95.10044205575743
KCPL.VOLT.0088,Resource,39.07793402046203,-94.6352873457759
KERR_1,Resource,36.1900785676472,-95.2169727168912
KERR_2,Resource,36.25243152807188,-95.20796695901517
KERR_3,Resource,36.210442801902055,-95.21144477034447
KERR_4,Resource,36.231214717675364,-95.19479341377739
PENSACOLA_1,Resource,36.47733091394077,-95.04612548093424
PENSACOLA_2,Resource,36.479620082536776,-95.01539339067995
PENSACOLA_3,Resource,36.45776368303505,-95.0326665003799
PENSACOLA_4,Resource,36.44321354363904,-95.03851723915561
PENSACOLA_5,Resource,36.42476607318229,-95.01902364678877
PENSACOLA_6,Resource,36.4836822799041,-95.00409029474622
SALINA_1,Resource,36.28091945314269,-95.113972476737
SALINA_2,Resource,36.28377831087437,-95.13529813077432
SALINA_3,Resource,36.24199474390933,-95.08872743763855
SALINA_4,Resource,36.255380644544985,-95.09725232784265
SALINA_5,Resource,36.28148991047646,-95.12883584934681
SALINA_6,Resource,36.27554359129084,-95.09194374028012
GSPR2014HUB,Hub,33.54817631212382,-100.13987382116775
GSPR2015HUB,Hub,33.140805526915095,-100.25598150995853
CSWS.VOLT.0053,Resource,34.99361020401175,-96.02129111852348
WR.VOLT.0018,Resource,37.47438625897157,-96.38948741856784
WR.VOLT.0098,Resource,37.487166369599336,-96.40162999135865
INDNSUB_H_5,Resource,39.13016736309637,-94.34361303558015
INDNSUB_H_6,Resource,39.09325367530603,-94.40582288300914
INDNSUB_I_3,Resource,39.0682352522866,-94.37288401385548
INDNSUB_I_4,Resource,39.05132908117633,-94.39611037540156
INDNSUB_J_1,Resource,39.099307748550544,-94.41461231777099
INDNSUB_J_2,Resource,39.08176946281836,-94.41400134068458
INDN_INDN,Load,39.082677021545315,-94.35605379521438
INDN_MWE_SMKY2,Resource,38.91151869896622,-98.17234692842278
WR.VOLT.0087,Resource,38.64232906856963,-95.03049838179878
KACYBOWERSOCK,Resource,38.942934321373215,-95.23134059072513
KACYCT4,Resource,39.17681031453839,-94.71098956063958
KACYLFG,Resource,37.4849315767191,-94.83109065138413
KACYNEARMANUN1,Resource,39.165699543618075,-94.73254551446155
KACYQUIND1UNGT2,Resource,39.1316846278549,-94.64193756086415
KACYQUIND1UNGT3,Resource,39.11136982230783,-94.64648028892066
KACY_KACY,Load,39.17591404556495,-94.67064228086427
KCPL.HAW10,Resource,39.12797623191362,-94.484973771587
KCPL.MEUC.HIG4,Resource,39.043675948464916,-93.7193515632692
KCPL.PRQUEEN,Resource,37.965043928461405,-95.2182722329864
KCPL.WAVERLYWND,Resource,38.27049685747288,-95.81993368743369
KCPLBULLCRK5UNWGR1,Resource,38.790632763282424,-94.96417300029833
KCPLBULLCRK5UNWGR2,Resource,38.804614005279724,-94.99629616808691
KCPLBULLCRK5UNWGR3,Resource,38.783350685862025,-95.02275216497243
KCPLBULLCRK5UNWGR4,Resource,38.784193191272905,-95.00364295689668
KCPLHAWTHORN6,Resource,39.1241702011015,-94.45095809485866
KCPLHAWTHORNUNHAW5,Resource,39.12490378113205,-94.4720228730428
KCPLHUB,Hub,38.5525160083547,-96.43951557893632
KCPLHUB17,Hub,38.5226086043707,-96.41929050913335
KCPLHUB18,Hub,38.55193453271935,-96.41670494008342
KCPLHUB19,Hub,38.51645360671336,-96.39676001138116
KCPLHUB20,Hub,38.57111364447137,-96.39559329445407
KCPLHUB21,Hub,38.33422589771929,-96.38246897978559
KCPLHUB22,Hub,38.33929284652515,-96.37391228651065
KCPLIATANUNIAT1,Resource,39.470170470182005,-95.02303139560141
KCPLIATANUNIAT2,Resource,39.42485683644425,-94.94180951949163
KCPLLACYGNEUNLAC1,Resource,38.324958747024944,-94.6457346463174
KCPLLACYGNEUNLAC2,Resource,38.33025861749596,-94.62215244943928
KCPLLEVEEUNHAW7,Resource,39.13933061231879,-94.4599211376985
KCPLLEVEEUNHAW8,Resource,39.140396945548616,-94.49832754353933
KCPLNRTHEASTUNNE11,Resource,39.14642211696501,-94.57114782628459
KCPLNRTHEASTUNNE12,Resource,39.11187559454958,-94.54770026926968
KCPLNRTHEASTUNNE13,Resource,39.13465909491755,-94.57244208909552
KCPLNRTHEASTUNNE14,Resource,39.127132173600096,-94.56243299607685
KCPLNRTHEASTUNNE15,Resource,39.11573595873165,-94.55940545561145
KCPLNRTHEASTUNNE16,Resource,39.1331035046974,-94.54098146159701
KCPLNRTHEASTUNNE17,Resource,39.08877563027006,-94.56565914172911
KCPLNRTHEASTUNNE18,Resource,39.130811082644804,-94.54816456247275
KCPLPAOLAUNOSA1,Resource,38.51705314157556,-94.94846476140823
KCPL_GMOC_HUB,Hub,39.12047189093669,-94.7203509297387
KCPL_KCPL,Load,38.991220755517645,-94.70494942251611
KMEA_EMP1_BALD7,Resource,38.77609066950453,-95.19927020519066
KMEA_EMP1_BALD8,Resource,38.746071565111535,-95.12996189932353
KMEA_EMP1_GARD1,Resource,38.8306746415003,-94.92291484410089
KMEA_EMP1_GARD2,Resource,38.82732029120242,-94.91936624808396
KMEA_EMP1_OTTA6,Resource,38.58870327337907,-95.2634206663621
KMEA_EMP1_OTTA7,Resource,38.61883478675183,-95.31550863079697
MO.KC.MARS6.MP,Resource,39.1497718662867,-93.21118317130406
KENN,Load,37.65093170209206,-94.30925967627678
KEP2_SECI,Load,37.94896610340406,-100.64152461333603
NPPD.TECH.1,Resource,40.31861237371595,-98.81837264744637
LAM345,Interface,38.13988800061078,-95.40083479945811
WR.VOLT.0096,Resource,37.65866567257536,-96.44387356926723
KMEA_EMP1_KCPL,Load,38.70412564080693,-95.06454362836325
KMEA_EMP2_SECI,Load,38.53703281342251,-100.37072826492796
KMEA_EMP2_WPEK,Load,38.50974272848858,-97.6612607197727
KMEA_EMP3_WR,Load,38.70228067277058,-95.19253859595395
KMEA_EUDORA,Load,39.17659470526703,-94.9170788088265
CSWS.VOLT.0060,Resource,35.51447049190668,-96.49224273564312
LES_JSTREET,Resource,40.81302726308932,-96.71128684391999
LES_LES,Load,40.77423722219449,-96.72055602799873
LES_LFG_1,Resource,40.88819547432828,-96.61858508830778
LES_ROKEBY_1,Resource,40.74590348625175,-96.70411109230658
LES_ROKEBY_2,Resource,40.73496527372563,-96.73566732340949
LES_ROKEBY_3,Resource,40.71306678217476,-96.72604248204932
LES_TBGS_CC1,Resource,40.924531831699376,-96.61605996463027
LES_TBGS_CT4,Resource,40.91346091153538,-96.60982516948626
LES_WSEC_3,Resource,41.13351126731986,-95.85851222042973
LES_WSEC_4,Resource,41.19036925238455,-95.87151316804969
LGEE,Interface,39.581608440181526,-94.46233099412069
SPS.VOLT.0033,Resource,34.43293501858019,-100.70665257626983
OKGE.VOLT.0041,Resource,35.411949879230505,-96.7563386067469
MALDEN,Load,37.93594563902906,-94.28231203335905
CSWS.VOLT.0083,Resource,35.82786178766607,-95.95137316830413
MCWEST,Interface,46.427630175523106,-105.7971837449835
PSGO_MDUM_CEDARHLS,Resource,41.318817301557175,-95.44691156943418
PSGO_MDUM_DIAMWND,Resource,41.31533861893345,-95.43800533199703
PSGO_MDUM_GLENDC1,Resource,41.112463233412605,-95.4036891328909
PSGO_MDUM_GLENDC2,Resource,41.11627227503578,-95.42306115362157
PSGO_MDUM_LEWIS1,Resource,41.34135070971616,-95.58231327021313
PSGO_MDUM_LEWIS2,Resource,41.32837608841888,-95.59836755244211
PSGO_MDUM_MCTURB,Resource,41.33282413087175,-95.5471092262059
PSGO_MDUM_TSWF,Resource,41.795849274410315,-95.13236637393528
OKGE.VOLT.0027,Resource,35.51963752987934,-96.76029576145581
MHEB,Interface,41.85800738683672,-94.89579985743028
ALTW,Interface,43.02203118558185,-93.75432979748678
AMRN,Interface,38.14665579409475,-91.23238418475292
BBA,Interface,41.096990367023615,-95.04082352048518
BCA,Interface,41.094062636533884,-95.0567177588719
BRAZ,Interface,41.06872385146945,-95.12126973185671
BUBA,Interface,41.10225838625855,-95.06529055112686
CLEC,Interface,30.912712621926886,-92.22985117695534
DENL,Interface,41.13078586385462,-95.12664907904293
DERS,Interface,41.11182082347161,-95.0994709507877
DPC,Interface,43.812971015125335,-93.44597817693024
EES,Interface,32.10809346901029,-92.23621776333007
GRE,Interface,45.13886962587109,-95.08985588762692
LAFA,Interface,41.06501558478004,-95.08360257648258
LEPA,Interface,41.08725757472037,-95.09643863926316
MDU,Interface,47.46264082189318,-102.56124502486209
MEC,Interface,42.4421266987069,-95.01016764853739
MISO,Interface,40.343068345754126,-91.15149329705909
NSP,Interface,44.056050760832974,-96.06010066192884
OMLP,Interface,41.05610998469608,-95.10315671342887
ONT,Interface,41.07676798308421,-95.07268524695802
OTP,Interface,46.83374134136255,-97.25172246186673
PLUM,Interface,41.1210982515739,-95.08919365192796
PUPP,Interface,41.10414367469151,-95.07205667022744
SMEP,Interface,41.07200456080537,-95.11330086993193
MOWR_MOPEPAECI,Load,38.95707041831809,-94.0715305609643
MOWR_MOPEPAMMO,Load,38.95136275238613,-94.165647840241
NPPD.NELI.BDR,Resource,41.84239840532146,-95.03841072645437
SPS.VOLT.0103,Resource,34.28407085961647,-100.73744882208032
CROSSROADS1,Resource,38.2895274962082,-94.73648549171978
CROSSROADS2,Resource,38.27521664085978,-94.77035239620349
CROSSROADS3,Resource,38.27382514751083,-94.7519756592158
CROSSROADS4,Resource,38.256574417415564,-94.77779299296898
DOGWOOD,Resource,38.80107267099131,-94.3006433150797
MPS.AMUE.OUTLAW,Resource,40.45788962308571,-94.97579245069315
MPS.OSBORN,Resource,39.76173001112496,-94.47587301459117
MPS.ROCKCREEK,Resource,40.39805985364773,-95.21040910145776
MPSGRNWD1UN1,Resource,38.87794191475572,-94.32665859091439
MPSGRNWD1UN2,Resource,38.89259225247894,-94.3097086385801
MPSGRNWD1UN3,Resource,38.85077319327414,-94.28124298123748
MPSGRNWD1UN4,Resource,38.87563179836191,-94.30431874084817
MPSLAKE_RDUN1,Resource,39.72002759042518,-94.85262906658035
MPSLAKE_RDUN2,Resource,39.707110653126,-94.8672029178406
MPSLAKE_RDUN3,Resource,39.703047365543796,-94.87149164962737
MPSLAKE_RDUN4,Resource,39.74180492576183,-94.90850420708458
MPSLAKE_RDUN5,Resource,39.72973033748399,-94.87807243699925
MPSLAKE_RDUN6,Resource,39.741269377718844,-94.88145365065935
MPSLAKE_RDUN7,Resource,39.74490845726171,-94.87811791465938
MPSNEVADAUN1,Resource,37.86238570085879,-94.33145024804355
MPSRGREENUN3,Resource,38.77270308841674,-94.33996980969296
MPSSHARPER_UN1,Resource,38.66819729292998,-94.49212145476994
MPSSHARPER_UN2,Resource,38.65903169817684,-94.45416174925909
MPSSHARPER_UN3,Resource,38.69335559774952,-94.44969632813276
MPSTWA1UN1,Resource,39.079619862558104,-94.63250426883089
MPSTWA1UN2,Resource,39.076781366380864,-94.59303075166984
MPS_MPS,Load,39.06673527046671,-94.5475921219034
CSWS.VOLT.0055,Resource,36.35082100648463,-95.60673783399166
BEPM_RM_NPPD,Load,38.95831879969714,-97.53319350185559
BEPM_TS_NPPD,Load,40.52444406461593,-98.92943898485576
MEANACJ_NPPD,Load,42.01583419545397,-97.12678444175849
MEAN_NELIGH_NPPD,Hub,42.19816194630084,-97.61297289412319
MEAN_NPPD,Load,40.40856351595471,-99.47653869968299
NPPD.BRPS.CTNWD,Resource,41.25343812364327,-97.60597309329611
NPPD.EAGL.MILL,Resource,40.486469139879304,-97.23669806932661
NPPD.ETNA.ASSET2,Resource,42.380827496709024,-96.8108549195218
NPPD.FREM.CTNWD1,Resource,41.423380584425594,-96.42086290577089
NPPD.HUB.PY2018,Hub,40.24380991247438,-98.04510992369508
NPPD.HUB.PY2019,Hub,40.41004261753921,-97.8909694731255
NPPD.HUB.PY2020,Hub,40.28124326398544,-98.1462728898717
NPPD.HUB.PY2021,Hub,40.28015690393998,-97.93650494665539
NPPD.HYST.HYST,Resource,42.30719196744023,-97.19542956570855
NPPD.KCPL.JFY1,Resource,40.95226951961629,-100.4378967191803
NPPD.KCPL.JFY2,Resource,40.9234159617323,-100.36105188913815
NPPD.KCPL.JHN2,Resource,40.661092540273664,-99.7558060491955
NPPD.KCPL.JN11,Resource,40.68619596918161,-99.83882686551566
NPPD.KCPL.JN12,Resource,40.66730245646581,-99.7431308529766
NPPD.LBLU.LBLU,Resource,40.26401072593989,-98.42318765761897
NPPD.LCE.PLMCK,Resource,42.13986045678771,-97.19564300974106
NPPD.LES.PRBRZ,Resource,41.971955824304075,-98.0683123996046
NPPD.MEAN.CTWD3SSCY,Resource,41.25573550161853,-97.64635952549996
NPPD.OPPD.CTNWDBTRC,Resource,41.32085275550759,-97.63440345614666
NPPD.OPPD.SHOL,Resource,42.29431746835628,-97.37123501072364
NPPD.THWE.THW1,Resource,35.93675347074374,-100.35588159888997
NPPD.THWE.THW2,Resource,35.91868794610688,-100.39773268848164
NPPD.TNSK.CTNWDCTYB,Hub,41.28042880489927,-97.61956605089296
NPPD.UPSR.UPSR,Resource,42.19115063389486,-97.9457764369231
NPPD2017HUB,Hub,40.26513027447244,-97.95529857412228
NPPD_ADMCOGEN,Resource,41.42087058278284,-97.27684403233613
NPPD_AINSWIND,Resource,42.46260064383803,-99.88246379660721
NPPD_BBW1,Resource,41.44020313023111,-99.57670870040788
NPPD_BBW2,Resource,41.17381219091822,-99.104815568803
NPPD_BPS,Resource,40.313889370298746,-96.79205364207135
NPPD_BPWN_NPPD,Load,40.40483500423571,-97.28945765608727
NPPD_BRPS_LOAD1,Load,42.036553508347865,-96.72949549607618
NPPD_CANADAY,Resource,40.685908863034214,-99.71696782447165
NPPD_COLUMBS_1,Resource,41.451429359308605,-97.32093034823959
NPPD_COLUMBS_2,Resource,41.45358542780368,-97.31065627338191
NPPD_COLUMBS_3,Resource,41.43553611248839,-97.36371302338533
NPPD_COMB_WEC2,Resource,40.599564823676225,-98.30546006690106
NPPD_COOPR,Resource,40.34276848433255,-95.61308199354703
NPPD_COSN_NPPD,Load,40.60340509029932,-98.59661879618392
NPPD_CRFTNWIND,Resource,42.73244532008506,-97.59219419206035
NPPD_ELKHNWIND,Resource,42.708198827227115,-97.62138895735985
NPPD_GGS1,Resource,41.09272746224491,-101.12888993645507
NPPD_GGS2,Resource,41.08143017021773,-101.14905533553483
NPPD_GRIS_GT1,Resource,40.88571516291067,-98.34550966809488
NPPD_GRIS_GT2,Resource,40.858044262294904,-98.3191685916729
NPPD_GRIS_GT3,Resource,40.875522298001364,-98.33280093981884
NPPD_GRIS_LD,Load,40.79380370491326,-98.40231278798463
NPPD_GRIS_PB3,Resource,42.02819254904144,-98.20607466734921
NPPD_GRIS_PGS1,Resource,40.847739365846884,-98.34038991426438
NPPD_HALLAM,Resource,40.54936568075803,-96.7778293005315
NPPD_HAST_DHPC,Resource,40.56784661807609,-98.41944207538677
NPPD_HAST_LOAD,Load,40.603614224854816,-98.59153781337696
NPPD_HAST_NDS4,Resource,40.6065177032768,-98.39406315894084
NPPD_HAST_NDS5,Resource,40.60560738759399,-98.35529308241888
NPPD_HAST_W2AX,Load,40.79695691096861,-98.53230267100845
NPPD_HAST_WEC1,Resource,40.56933002672186,-98.32409943156256
NPPD_HCPD_VLTN,Load,39.051197279245365,-97.44700650386949
NPPD_HEBRON,Resource,40.21986372769495,-97.58562534241756
NPPD_KINGSLEY,Resource,40.42320367079255,-100.31098240733368
NPPD_LAREDO,Resource,41.86581937604552,-98.05171807300275
NPPD_MCCOOK,Resource,40.195521505495435,-100.61204784392305
NPPD_MEAN_SCRI,Load,42.22064871900349,-97.4680593983561
NPPD_NELI_LD,Load,42.19197295062519,-97.60246562395088
NPPD_NPLATTE_1,Resource,41.059265168157715,-100.74869016876879
NPPD_NPLATTE_2,Resource,41.08009151630604,-100.74013722668116
NPPD_NPPD,Load,40.45136816784622,-99.89362405233283
NPPD_SHLD_1,Resource,40.5680599561751,-96.76271014189754
NPPD_SHLD_2,Resource,40.587882660012966,-96.7607700188821
NPPD_STLFTW,Resource,40.03416261733793,-96.99363342731489
NPPD_UGPM_NEIRRG,Load,40.689561211140465,-99.622479227079
OPPD_INV_PRZ1,Resource,41.93514197301996,-98.08928949250172
CANADIAN_HILLS_1,Resource,35.61924467414962,-98.01928620848963
CANADIAN_HILLS_2,Resource,35.69178028881303,-97.8598598713321
CANADIAN_HILLS_4,Resource,35.726247115378555,-97.8830742736102
CANADIAN_HILLS_5,Resource,35.73911147865789,-97.86679156921706
CSWS.VOLT.0057,Resource,35.637138827131004,-95.49367624618634
GRDA.BRECK,Resource,36.452336317343516,-97.68496197687504
GRDA.KAY,Resource,36.96850610334773,-97.12425735009467
MINCOIII,Resource,35.416846614847366,-98.17128851992457
OKGE.25MC.25MC,Resource,36.43511124543637,-99.90710558067948
OKGE.AECC.CHISHOLM2,Resource,36.59689793758747,-97.64504089560627
OKGE.AFGE.AFGE100,Resource,36.300415276852455,-97.58750721938897
OKGE.AFGE.AFNEM1,Resource,36.30364996013606,-97.5323162403952
OKGE.BALKO.WIND.1,Resource,36.51688462567344,-100.85727530820017
OKGE.CCCO.COGEN,Resource,36.64407270846637,-97.0321056688909
OKGE.CU.DUK.FRNTR,Resource,36.82230612031045,-97.1823183479111
OKGE.EAGL.RFWIND,Resource,36.93492753483081,-97.3857124935829
OKGE.ETEC.GCW,Resource,36.969071604962,-97.74586275244839
OKGE.FRONTIER,Resource,35.44161011728004,-97.60921104209964
OKGE.FRT2.FRT2,Resource,36.84830345941726,-97.16819853992088
OKGE.GBST.BLUESTEM,Resource,36.585989637835624,-100.58486054292312
OKGE.GDSM.MINCO4,Resource,35.42608665836817,-98.28864979467181
OKGE.GGWT.GREATWESTERN,Resource,36.13037163814111,-99.59254100365821
OKGE.GLAS.GLAS,Resource,34.497454293551,-96.93370329602006
OKGE.GRANTPLNS.WIND.1,Resource,36.971410971143044,-97.68787844660132
OKGE.GRDA.REDDIRT,Resource,36.08025238839939,-97.77072447922048
OKGE.KINGFISHER.WIND.1,Resource,35.797479226054236,-97.79012786468458
OKGE.LES.ARBKL,Resource,34.386644907216535,-97.14385725183756
OKGE.MCOV.MINCOV,Hub,35.30614127542187,-98.14500194635336
OKGE.MNCI.MNCI,Resource,35.31434476496649,-97.96161621029115
OKGE.NTEC.GCW,Resource,36.947895241318456,-97.66948383056489
OKGE.OKGE.MT10,Resource,35.45145356392852,-97.51989487299718
OKGE.OKGE.MT11,Resource,35.48096933940182,-97.52627305120403
OKGE.OKGE.MT12,Resource,35.45126565725579,-97.53648941532485
OKGE.OKGE.MT6,Resource,35.44055630529514,-97.48306879575853
OKGE.OKGE.MT7,Resource,35.46104074581606,-97.47206790234547
OKGE.OKGE.MT8,Resource,35.51403501370549,-97.53744782318547
OKGE.OKGE.MT9,Resource,35.45690674592789,-97.5035140831477
OKGE.OMPA.GRANTWIND,Resource,36.98061177301446,-97.70346011051511
OKGE.OMPA.INDNHYDRO,Resource,38.131638030539094,-93.87313735795985
OKGE.PCW1.PCW1,Resource,36.18540921849589,-99.35229210867115
OKGE.PNDA.PNDA,Resource,36.561384577848585,-100.6662829094
OKGE.RCKW.RCKWIND,Resource,34.46528880430908,-97.32912716000827
OKGE.RDRT.REDDIRT,Resource,36.086051651507674,-97.79020479395689
OKGE.RIVERVALLEY,Resource,35.21034996452258,-94.60984068083152
OKGE.SC.WR.1,Resource,35.75373573089532,-97.6447504479453
OKGE.SC.WR.2,Resource,35.75168537293286,-97.62602768343862
OKGE.SC.WR.3,Resource,35.76025807542137,-97.66211896679258
OKGE.SC.WR.4,Resource,35.738557047269644,-97.61809318504625
OKGE.SDWE.SDWE,Resource,35.9697514764885,-97.03566538210531
OKGE.SNRW.SNRW,Hub,36.48732594595658,-99.48115191354178
OKGE.SUEZ.KPLN,Resource,36.392331853473394,-97.68838464816275
OKGE.SWCV.CV,Resource,36.554527764813066,-97.69161090338447
OKGE.TNDR.THUNDERRANCH1,Resource,36.577259760347815,-97.03288953727834
OKGE.TNDR.THUNDERRANCH2,Resource,36.51542558460947,-97.0819163151707
OKGE.TNSK.DSW,Resource,34.47428496296513,-96.79263029431421
OKGE.TRWE.TRWE,Resource,36.545564001332224,-97.04778385113914
OKGE.TRWE.TRWE2,Resource,36.08954144888245,-97.46707845986649
OKGE.TRWE.TRWE3,Resource,35.71188963049983,-97.7809999737898
OKGE.VOLT.0043,Resource,35.29767910193996,-94.84736621847058
OKGE.VOLT.0049,Resource,35.45141440008572,-97.44295800890802
OKGE.VOLT.0069,Resource,36.2816157257156,-97.78768932667907
OKGE.VOLT.0072,Hub,35.50524818630388,-97.2461566904551
OKGE.WFEC.MINCO4WIND,Resource,35.370090136585986,-98.29186430731853
OKGE.WFEC.SKLCRKWIND,Resource,36.479790157946766,-98.02062536104744
OKGE.WSNR.WSNR,Resource,36.47559098555388,-99.46701877985704
OKGECENTWIND,Resource,36.60932503338585,-99.60492968228783
OKGECWBYWIND,Resource,36.80761847487529,-97.63056490862002
OKGEHL6,Resource,35.496140634231864,-97.1527911606943
OKGEHL7,Resource,35.48576481853856,-97.16018111765989
OKGEHL8,Resource,35.46792041435361,-97.18021434019327
OKGEHL910,Resource,35.49903030524019,-97.20354153396318
OKGEKEENANWIND,Resource,36.244057415549165,-99.47798493748115
OKGEMCC,Resource,35.29004975683338,-97.6049226992615
OKGEMK4,Resource,35.756668922091585,-95.30844956491438
OKGEMK5,Resource,35.764596005427535,-95.28991590465243
OKGEMK6,Resource,35.80759896741867,-95.23938597756961
OKGEREDBUD1,Resource,35.660572926736805,-97.26310841845934
OKGEREDBUD2,Resource,35.673908911418174,-97.18938486895975
OKGEREDBUD3,Resource,35.692540543392234,-97.21437017892505
OKGEREDBUD4,Resource,35.69164466028469,-97.22786864232121
OKGESM1,Resource,34.94367589440017,-96.725502045986
OKGESM2,Resource,34.99078216098962,-96.69935318634107
OKGESM3,Resource,34.961174787189144,-96.72965789731072
OKGESO1,Resource,36.47206168591296,-97.07778098295263
OKGESO2,Resource,36.46767873801029,-97.06569664991902
OKGESPIRITWIND,Resource,36.339199579910655,-99.50051853183342
OKGETALOGAWIND,Resource,36.266527891194364,-99.28642833756382
OKGETINK5A,Resource,35.42465661245181,-97.373856192212
OKGETINK5B,Resource,35.437612207335064,-97.35923366206295
OKGEXROADSWIND,Resource,36.046401670405146,-98.72630069000024
OKGE_CHISHOLM,Resource,36.58502072095188,-97.64648878025254
OKGE_MINCO2,Resource,35.34258642886919,-98.0797900366566
OKGE_OKGE,Load,35.36044878781362,-96.73357131133072
OKGE_ORIGINWIND,Resource,34.45943643838393,-97.31062433132628
OKGE_SEILING,Resource,36.16476361753873,-98.98951318442587
OMPA_CV_OKGE,Load,35.206286345538786,-94.85098436449225
OMPA_KAW,Resource,36.67321036092798,-96.90758307402203
OMPA_KNGFISHER,Resource,35.665212448395735,-97.50502535207463
OMPA_LAMB_1,Resource,36.79152703479703,-97.10643615977817
OMPA_PONCACITY_1_3,Resource,36.74689946615955,-97.1076475367144
OMPA_PONCACITY_2,Resource,36.74542075767146,-97.1209142751334
OMPA_PONCACITY_4,Resource,36.7398059758688,-97.11748509016063
OMPA_WIND_FARM,Resource,36.46791664438557,-99.46250155469673
PARAGOULD,Load,36.035114613052166,-90.50035775016232
SEILINGII,Resource,36.10816726892801,-98.98401243651348
SPS.MAMMOTHWND,Resource,35.98187567696365,-98.73661440103449
SPS.PALODURWND,Resource,36.19153590775587,-101.00261508659536
WFEC_BALKO_WIND_FARM,Resource,36.51972184928852,-100.82654682810873
WFEC_GRANT_COUNTY_WIND,Resource,36.912498241250745,-97.69156221113536
WR.KCW,Resource,36.97138327108737,-97.13672051443615
KCPL.VOLT.0099,Resource,39.141458687064066,-94.93610365394304
OMPA_GENHUB,Hub,35.515173169155375,-97.10492841270764
OMPA_SPP,Load,35.5167381910113,-97.23263406008189
CASS_CO_1,Resource,40.9391493721501,-95.98647842982844
CASS_CO_2,Resource,40.915396800614964,-95.96252427789564
FLAT_WATER,Resource,40.01007486599826,-95.93598770474796
FREM_50T,Resource,41.46014333360139,-96.42566179613263
FREM_6,Resource,41.446313092899416,-96.46219760895224
FREM_7,Resource,41.41463225283693,-96.4903328479888
FREM_8,Resource,41.48217885610442,-96.46301810988143
JONES_STREET_1,Resource,41.240409943678316,-95.90487175425399
JONES_STREET_2,Resource,41.256971719683804,-95.92120520697951
MEAN_FCU_OPPD,Load,40.089094468853325,-95.58767342929752
MEAN_NCU_OPPD,Load,40.60151693244236,-95.04589238872215
NEBRASKA_CITY_1,Resource,40.681378071834246,-95.83526401411048
NEBRASKA_CITY_2,Resource,40.66646819245526,-95.85754040191391
NORTH_OMAHA_3,Resource,41.341064980097904,-95.93287968765257
NORTH_OMAHA_4,Resource,41.344815287023614,-95.93726448380707
NORTH_OMAHA_5,Resource,41.338527812037796,-95.95322308723564
OPPD.NO1,Resource,41.32123861708655,-95.96797983694506
OPPD.NO2,Resource,41.32173724713572,-95.94534646654074
OPPD_NC_HST,Load,40.398374905093824,-95.50534735475918
OPPD_NO_HST,Load,41.34777941919913,-95.92471855911799
OPPD_OPPD,Load,41.21884535228446,-95.95609915129361
OPPD_PAPIO,Load,41.06688199577062,-95.91290885540526
OPPD_PAPIO2,Load,41.06758747502275,-95.90615112511553
SARPY_1,Resource,41.16317903680608,-95.9433935282213
SARPY_2,Resource,41.200307587522936,-95.9561148891291
SARPY_3,Resource,41.13549067966201,-95.98652074739432
SARPY_4,Resource,41.146706699114425,-95.98260311926678
SARPY_5,Resource,41.14987735708812,-95.96449242354502
SPS.VOLT.0084,Resource,36.55740640698973,-100.8310335272154
TPW_PETERSBURG,Resource,41.861878826146096,-97.96997959602125
PIGGOTT,Load,37.60258080968121,-92.34551022578415
HQST,Interface,41.00438336588622,-95.83199928479593
ISNE,Interface,41.00896726938835,-95.81431941680977
NBSO,Interface,41.003263376378996,-95.80198740999137
NSSO,Interface,41.0001332829026,-95.81583854174674
NYIS,Interface,40.99620011545468,-95.83473435355735
PJM,Interface,41.00740260877946,-95.83392662938309
CSWS.VOLT.0003,Resource,32.81400390200669,-96.95203077158081
CSWS.VOLT.0090,Resource,32.82256157557916,-97.00241996565298
OKGE.VOLT.0030,Resource,35.43247911883284,-96.88131689668086
OVEC,Interface,40.00160404492369,-94.7524531412881
CSWS.VOLT.0080,Resource,36.32326129116866,-95.23407919781555
KCPL.VOLT.0011,Resource,38.890641768394694,-94.95977924929197
POPLARBLUFF,Load,38.25275996250084,-92.3046690334931
CSWS.VOLT.0056,Resource,36.30281583829328,-95.01638869592989
PSLO_AECI_CSWS,Load,36.35408739526971,-95.070224039897
PSLO_AECI_MPS,Load,39.50472231111505,-95.11264481626931
PSLO_AECI_OKGE,Load,36.16644963190332,-95.4604965075818
PSLO_AECI_WFEC,Load,35.58145486201616,-95.65974306049644
PSLO_EES_CSWS,Load,36.10824974831338,-94.90626956563995
PSLO_MISO_WAUE_ALTM,Load,42.21544432219415,-96.1165841536494
PSLO_MISO_WAUE_MDUM_NITS,Load,41.64709346888299,-95.01214231789395
PSLO_MISO_WAUE_MECB,Load,42.15014934975367,-95.2960843210383
PSLO_MISO_WAUE_MPCN,Load,42.15198281307448,-95.21928184904101
PSLO_MISO_WAUE_OTPW,Load,40.46203116438182,-98.54384284817682
PSLO_MISO_WAUE_RPGI,Load,42.187717582402726,-95.05667833442055
SPS.VOLT.0001,Resource,35.37161256700726,-100.8866254190554
RCEAST,Interface,43.96148434686213,-104.11019822245234
OKGE.VOLT.0068,Resource,35.45010963896007,-96.89121978970249
KCPL.VOLT.0007,Resource,38.818674984219186,-95.1048048433477
KCPL.VOLT.0097,Resource,38.802571403474005,-95.12076597798813
SCSE,Interface,41.157945549476196,-103.05952698742065
CSWS.VOLT.0091,Resource,32.93772844868422,-97.02279032139387
KMEA_EMP2_GARC1,Resource,37.959272365075,-100.9215031611181
KMEA_EMP2_GARC2,Resource,37.9798548430029,-100.86919400164115
KMEA_EMP2_GARC3,Resource,37.972444572427534,-100.91348729002694
KMEA_EMP2_RUSS1,Resource,38.890075841575005,-98.82712087795109
KMEA_EMP2_RUSS2,Resource,38.90154286373836,-98.82651883264477
MKECCIM_UN1,Resource,37.1739100840821,-100.75177213355364
MKECCIM_UN2,Resource,37.18425805630455,-100.75059119701918
MKECCLIFTON_UN1,Resource,39.584110977560904,-97.29388287557225
MKECJUDLR_UN4,Resource,37.700197054324654,-99.98463506902894
MKECMULGRN_UN3,Resource,38.4443390822635,-98.86524374427049
MKECSHOOTSTAR,Resource,37.50853617435906,-99.42082468060606
MKEC_KPP,Load,38.21832499842217,-98.72505330760177
MKEC_KPP_GBURG,Resource,37.51731739876543,-99.34081325080312
MKEC_KP_KINGIC4,Resource,37.36761227943366,-98.0411111591998
MKEC_KP_KINGIC6,Resource,37.61123683248962,-98.23670749538019
MKEC_KP_KINGIC7,Resource,37.65918466314276,-98.22566246150603
MKEC_KP_KINGIC8,Resource,37.59364674783841,-98.24880248297784
MKEC_KP_KINGIC9,Resource,37.60035407521073,-98.24499871962522
SECI.BLOO.CPBLOOM,Resource,37.52662279982232,-99.8736307731006
SECI.CBN3.CB3WIND,Resource,37.42423389638171,-99.96112296836449
SECI.GCMB.CIMARRONBEND1,Resource,37.347773262751545,-99.98625991197217
SECI.JCSOLAR,Resource,37.53730880370154,-101.80499387498818
SECI.KACY.CIM,Resource,37.33827963641737,-99.98491188045327
SECI.KCPS.CIMARRON,Resource,37.87843768002072,-100.2826603616291
SECI.KCPS.SPEARVILLE,Resource,37.891462003560534,-99.77676299211778
SECI.KCPS.SPEARVILLE3,Resource,37.85469864583179,-99.84668293147455
SECI.PRAT.PRAT5,Resource,37.71974835842817,-98.73994650151023
SECI.PRTT.PRATT5,Hub,37.78394933475287,-98.48856099650703
SECI.RUBART.RT01,Resource,37.578837232752456,-101.0794241659952
SECI.RUBART.RT02,Resource,37.56838223453567,-101.07397758845823
SECI.RUBART.RT03,Resource,37.57682730267134,-101.1120182142929
SECI.RUBART.RT04,Resource,37.571272469008235,-101.06962109345488
SECI.RUBART.RT05,Resource,37.54533922716431,-101.1095040083281
SECI.RUBART.RT06,Resource,37.582308246478256,-101.07222093231952
SECI.SEPC.SECIRT07,Resource,37.51915065560713,-101.08948035978408
SECI.SEPC.SECIRT08,Resource,37.56252341236257,-101.0894636560283
SECI.SEPC.SECIRT09,Resource,37.56074806036131,-101.07146723665493
SECI.SEPC.SECIRT10,Resource,37.61440179863319,-101.08540502445945
SECI.SEPC.SECIRT11,Resource,37.59271563852551,-101.11317717642561
SECI.SEPC.SECIRT12,Resource,37.5510387292895,-101.12376629477826
SECI.SUEZ.EFRK,Resource,39.32260060010996,-101.04443764653283
SECI.SUEZ.ISTR,Resource,37.66431115941742,-99.97378026879673
SECI.SUEZ.SLFR,Resource,39.317104080203585,-101.09078350135962
SECI.UCU.ENSIGNWIND,Resource,37.58555782068595,-100.2884610395935
SECI.UCU.GRAYWIND,Resource,37.62972980097693,-100.34767773337124
SECIGRDNCT1UN2,Resource,37.93570809013415,-100.88999196180505
SECIGRDNCT1UN3,Resource,37.96851526283922,-100.87146319969791
SECIGRDNCT1UN4,Resource,37.98287540502034,-100.89629689386281
SECIGRDNCT1UN5,Resource,37.99890323552319,-100.89035678841742
SECIHOLCOM1UN1,Resource,37.92383378111705,-100.97950126170439
SECI_CIMARRON,Resource,37.85474035427722,-100.27710249661682
SECI_REMC_PRTT,Hub,37.759787073251985,-98.49979280054922
SECI_SECI,Load,37.61565128144616,-100.4503130525668
SECI_SMOKY,Resource,38.8909199336822,-98.16949464279303
SECI_SMOKY2,Resource,38.897741756154296,-98.15999857850431
SECI_TYRE_PRAT,Load,37.73709598140069,-98.52375641709274
WR.CPW,Resource,38.4754029539736,-101.14753786068222
WR.FRW.1,Resource,37.37521043406555,-98.47926075492244
WR.FRW.2,Resource,37.36719121547196,-98.27913052593871
WR.IWW1.GEN,Resource,37.81918468764734,-99.80199768409022
WR.MWW,Resource,38.63267730839662,-97.13564946429949
WR.WPW,Resource,37.83949022866984,-99.6671379250656
SGE,Interface,41.862189855037535,-103.97848549136567
KCPL.VOLT.0010,Resource,38.95161590412746,-95.17225847526356
OKGE.VOLT.0035,Resource,35.204187481396765,-95.06645611524424
OKGE.VOLT.0064,Resource,35.47981838849824,-97.1933685708083
OKGE.VOLT.0065,Resource,36.2188857357197,-95.37347587763925
SPS.VOLT.0085,Resource,36.572758672265245,-101.38121717639872
WR.VOLT.0015,Resource,38.410717235033744,-97.40582258477183
WR.VOLT.0094,Resource,38.449093014090224,-97.44206425807984
AEC,Interface,37.829277681478246,-92.03626194926224
CSWS.VOLT.0089,Resource,33.84031053716865,-97.33329567803683
CSWS.VOLT.0121,Resource,32.86271923226533,-97.05991978339642
CSWS.VOLT.0122,Resource,36.31228482775848,-95.3757915269383
CSWS.VOLT.0124,Resource,36.04413674225866,-96.44426243521417
CSWS.VOLT.0135,Resource,36.08947835859725,-95.45179577419847
CSWS.VOLT.0144,Resource,35.337085737451496,-97.20782040271507
CSWS.VOLT.0145,Resource,35.30414301932615,-97.24306856917579
CSWS.VOLT.0162,Resource,33.13176251157442,-96.73601016176906
CSWS.VOLT.0164,Resource,33.87009548596057,-97.33465462436911
FMPP,Interface,37.78263054240603,-92.00574392190103
FPC,Interface,37.840995240731615,-92.04355445974483
FPL,Interface,37.84234103087372,-92.03616140591166
GRDA.VOLT.0130,Resource,36.257926331476185,-95.20126688944889
HST,Interface,37.80256685015724,-92.00033270167987
JEA,Interface,37.81319913528276,-92.01899929783002
KCPL.VOLT.0107,Resource,39.06806183056411,-95.28779801715231
NSB,Interface,37.82501402723002,-92.02743821534634
OKGE.VOLT.0109,Resource,35.41091816041265,-97.09901564057871
OKGE.VOLT.0110,Resource,35.420458246982456,-97.05773260982073
OKGE.VOLT.0112,Resource,35.36873936741464,-96.91590927716331
OKGE.VOLT.0115,Resource,35.43735835974195,-96.98225969972908
OKGE.VOLT.0116,Resource,34.51678035938551,-101.22482606969214
OKGE.VOLT.0118,Resource,35.36835225211557,-97.06814294649607
OKGE.VOLT.0125,Resource,35.40207561805157,-94.95112233174363
OKGE.VOLT.0126,Resource,36.24252759881526,-95.32941210073311
OKGE.VOLT.0127,Resource,35.906440844076194,-96.88124042531929
OKGE.VOLT.0128,Resource,35.876131106176835,-96.86878985521871
OKGE.VOLT.0129,Resource,35.32455769816651,-96.97105194951278
OKGE.VOLT.0132,Resource,35.533959948398994,-97.06265375866786
OKGE.VOLT.0134,Resource,36.19924980772904,-95.20193956367467
OKGE.VOLT.0138,Resource,36.231592515915935,-95.40843149062842
OKGE.VOLT.0140,Resource,35.50911341564583,-97.06710651296893
OKGE.VOLT.0143,Resource,35.87448263546886,-95.65793062430018
OKGE.VOLT.0149,Resource,35.65619915472894,-97.89767098563459
OKGE.VOLT.0150,Resource,35.723274297994166,-98.02565248432145
OKGE.VOLT.0154,Resource,35.915760946983966,-95.69188740399252
OKGE.VOLT.0155,Resource,35.94502694788553,-95.45417094549225
OKGE.VOLT.0156,Resource,35.51692399213232,-97.09013180696074
OKGE.VOLT.0169,Resource,35.73241356787822,-97.99665363853381
OKGE.VOLT.0170,Resource,35.38901083291292,-102.13063041232424
OKGE.VOLT.0171,Resource,35.514879116593036,-97.18450050109502
SC,Interface,37.79975680989978,-92.03718497034136
SEC,Interface,37.79257075571698,-92.02266828663186
SEHA,Interface,37.78883694425825,-92.0051558281171
SERU,Interface,37.81127211155702,-91.98426260254656
SETH,Interface,37.8039608532537,-92.01430224689807
SOCO,Interface,37.829017840603235,-91.98982321506796
SPS.VOLT.0113,Resource,33.76492530063752,-102.35080154537002
SPS.VOLT.0117,Resource,34.6855884795085,-103.10118838042875
SPS.VOLT.0131,Resource,33.27494529406898,-103.99946096356463
SPS.VOLT.0136,Resource,36.58266360055236,-101.40848355499607
SPS.VOLT.0137,Resource,36.6205298967018,-101.37288343147846
SPS.VOLT.0142,Resource,36.59203316464855,-101.69164293383156
SPS.VOLT.0163,Resource,35.21189199768189,-101.56824765014768
TAL,Interface,37.790788700048466,-92.01142023768806
TEC,Interface,37.8246600886287,-92.0014242195456
WAUE.VOLT.0152,Resource,39.84642983861027,-100.10557662545104
WAUE.VOLT.0172,Resource,39.85270187976962,-103.4821931781628
WR.VOLT.0102,Resource,37.480201890383135,-97.0096169119448
WR.VOLT.0106,Resource,37.52967553065495,-97.0644117885609
WR.VOLT.0108,Resource,37.52995703253046,-97.09000851166675
WR.VOLT.0119,Resource,37.473894738790605,-94.73377429230459
WR.VOLT.0120,Resource,38.764396458424066,-96.43918646273839
WR.VOLT.0139,Resource,39.02725541247921,-95.38072289999607
WR.VOLT.0146,Resource,39.103594683917365,-95.4061537434124
WR.VOLT.0147,Resource,39.09790381676974,-95.45289619723816
WR.VOLT.0148,Resource,39.272468257771756,-95.67634284065676
WR.VOLT.0153,Resource,37.53736277186294,-96.95005884965718
WR.VOLT.0157,Resource,38.95709239221326,-95.42432329302379
WR.VOLT.0158,Resource,39.09365861878345,-95.38549315485095
WR.VOLT.0159,Resource,38.95590671261637,-95.42270595535587
WR.VOLT.0165,Resource,37.38795784060805,-97.00808309663906
ANTELOPE,Resource,33.83481549266245,-101.82850264220187
BUFFALO_DUNES_WIND,Resource,37.623395531655675,-101.11614632926158
GOODWELL_WIND,Resource,36.55548739833105,-101.57237483210399
GSEC_SPS,Load,35.18482962517204,-102.88799075358749
GSPWR,Resource,35.270293698173674,-102.7086144368873
MSTNG,Resource,32.977206622255416,-102.73568537613063
MSTNG4,Resource,32.97727280255366,-102.78258839327863
MSTNG5,Resource,32.980548824160344,-102.69859019147694
MSTNG6,Resource,32.96550566519761,-102.74761899801335
NEE_MAJESTIC2,Resource,35.389977672190994,-101.60869821341188
SPA,Interface,36.34166846446095,-91.36174581348311
SPC,Interface,49.119063112998475,-103.33692460052579
SPPNORTH_HUB,Hub,41.35331246369719,-97.01746954338594
SPPSOUTH_HUB,Hub,35.42249460110404,-97.80576455539611
SPRM_JRCT1,Resource,37.081087363368304,-93.2547916159168
SPRM_JRCT2,Resource,37.11499033754508,-93.25199155787834
SPRM_MCCT1,Resource,37.252222860011855,-93.14910730320204
SPRM_MCCT2,Resource,37.258956834519,-93.37893933589751
SPRM_NIXA,Load,37.14216276233588,-93.48468200636658
SPRM_SPRM,Load,37.22479518286514,-93.37671961673243
SPRM_SWCT1,Resource,37.20013414873109,-94.22089371439691
SPRM_SWCT2,Resource,37.16785192285844,-94.23336037756934
SPRM_SWPS1,Resource,36.954741525307895,-94.23768736633473
SPRM_SWPS2,Resource,37.15975087368469,-94.27027685400988
SPS.BCW1.BCW1,Resource,34.02922103470087,-102.6761756490052
SPS.BETH.BETH,Resource,34.55558306633536,-102.47516547866326
SPS.BLACKHAWK1,Resource,35.69526772929434,-101.35033775016738
SPS.BLACKHAWK2,Resource,35.67840491172862,-101.34764218992481
SPS.BONITA.LORENZO.WND,Resource,33.68548203132069,-101.548718517929
SPS.BONITA.WILDCAT.WND,Resource,33.53563561764474,-102.96904795671279
SPS.CAPRKWND1,Resource,34.961410632761115,-103.3260403400949
SPS.CHAVES.SLR,Resource,33.456645072442086,-104.40954807221047
SPS.CIRRUSWIND,Resource,33.014942988584366,-101.69611418297643
SPS.CUNNGHAM1,Resource,32.72565741182078,-103.39256549847735
SPS.CUNNGHAM2,Resource,32.728121152619245,-103.40528957084892
SPS.CUNNGHAM3,Resource,32.72607507538006,-103.38944116633064
SPS.CUNNGHAM4,Resource,32.69175616154977,-103.33737641881739
SPS.ENGCARBON1,Resource,35.66579411141748,-101.41836988124778
SPS.GBTL.BETHEL,Resource,34.55896841332206,-102.48947351119567
SPS.GGPO.STOCKYARD10_11,Resource,35.247722677807005,-101.55741790761435
SPS.GGPO.STOCKYARD4,Resource,36.43137708766486,-101.34306596581314
SPS.GGPO.STOCKYARD5_6,Resource,36.45354458566677,-101.83978863856598
SPS.GGPO.STOCKYARD7_8,Resource,35.19831992129081,-101.91792562885672
SPS.GGPO.STOCKYARD9,Resource,35.42443020536018,-101.65733156907665
SPS.GPW1.GREATPLNS,Resource,36.502171267099655,-101.42543606872775
SPS.GPWA.GPWA,Resource,36.48551779650939,-101.41413983248097
SPS.GPWB.GPWB,Resource,36.46728313200855,-101.40476288537513
SPS.GPWC.GPWC,Resource,36.51351784864844,-101.40316868587212
SPS.GRVW.GRVW,Resource,36.44441850826451,-101.38406557190979
SPS.GSEC.ANT2,Resource,33.85317382830359,-101.825155641244
SPS.GSEC.ANT3,Resource,33.859396369738036,-101.85134505432448
SPS.GSEC.ELK1,Resource,33.848130439976835,-101.85079011516106
SPS.GSEC.ELK2,Resource,33.85623574092351,-101.86259083191206
SPS.HALE.WND,Resource,33.90110656362579,-101.7387883432224
SPS.HARRNGTN1,Resource,35.341116122286834,-101.73528079811871
SPS.HARRNGTN2,Resource,35.27616112935591,-101.77674350308052
SPS.HARRNGTN3,Resource,35.2967377361154,-101.73383707857913
SPS.HMWI.HMWI,Resource,35.37911637735919,-101.54582074445875
SPS.HOBBS.CC,Resource,32.681565479996664,-103.3089960901577
SPS.JONES1,Resource,33.51615364984556,-101.7555237654395
SPS.JONES2,Resource,33.525384934716136,-101.71874364010783
SPS.JONES3,Resource,33.548773202194866,-101.74956983723209
SPS.JONES4,Resource,33.524383790739904,-101.7264609771602
SPS.LCEC.STERLINGWIND,Resource,33.35083493486557,-103.26135247046868
SPS.MADDOX1,Resource,32.71704904014304,-103.29675492674693
SPS.MADDOXCT2,Resource,32.70705175127051,-103.27648278965688
SPS.NICHOLS1,Resource,35.286559147043704,-101.74838594093768
SPS.NICHOLS2,Resource,35.28278865229356,-101.70661930102612
SPS.NICHOLS3,Resource,35.30028967329563,-101.78337842316088
SPS.ORPLFRISCO,Resource,36.4933211702647,-101.59658459171834
SPS.ORPLNOVUS,Hub,36.492307030675605,-101.42450888970717
SPS.ORPLPRN1_2,Resource,35.9171584202151,-101.55893717015041
SPS.PANTEXWND,Resource,35.34642854318115,-101.5496228715992
SPS.PLANTX1,Resource,34.14276742977633,-102.40317420604543
SPS.PLANTX2,Resource,34.16241139180331,-102.42215795007448
SPS.PLANTX3,Hub,34.14623830564067,-102.39689721387461
SPS.PLANTX4,Resource,34.19031806299274,-102.41493459281517
SPS.PLSNTHLWND,Resource,33.72402752071658,-101.50318423227912
SPS.QUAYCNTY,Resource,35.182370480418896,-103.7341112859949
SPS.RALLSWIND,Resource,33.66335830434329,-101.38884903420384
SPS.RICHRDSN1,Resource,35.664707465125105,-101.46741996322852
SPS.ROSVELTWND,Resource,33.88803338333833,-103.51957931376113
SPS.ROSWLL.SLR,Resource,33.465013710509716,-104.46581231409468
SPS.SAGAMORE.WND,Resource,33.94161083417894,-103.16050739602646
SPS.SJUANWIND1,Resource,33.96581706867475,-103.82532039283275
SPS.SPINSPUR,Resource,35.23628162167878,-102.22492435857136
SPS.SUNE_SPS1,Resource,32.13942807212169,-103.13290401689146
SPS.SUNE_SPS2,Resource,32.194296933143185,-103.20042061117573
SPS.SUNE_SPS3,Resource,32.495120649016904,-103.31544168593918
SPS.SUNE_SPS4,Resource,32.68135370745869,-103.29511606395566
SPS.SUNE_SPS5,Resource,32.36857663565653,-104.23150808004426
SPS.SWBD.BD,Resource,37.625189688716695,-101.11738396034936
SPS.TNSK.LLANOWIND1UNIT,Resource,35.49060323293354,-101.25427951447124
SPS.TOLK1,Resource,34.183787486065214,-102.56405427228037
SPS.TOLK2,Resource,34.18965847888436,-102.53920841061391
SPS.TPS4.MILO,Resource,33.91141726069589,-103.35740587489403
SPS.VOLT.0005,Resource,33.31504123904394,-103.20191514056434
SPS.VOLT.0006,Resource,32.540141401442696,-103.67116412813594
SPS.VOLT.0023,Resource,33.78206519565478,-103.1454838134838
SPS.VOLT.0024,Resource,33.38998128908827,-103.18133488215918
SPS.VOLT.0025,Resource,33.792688590622916,-103.11658613146682
SPS.VOLT.0045,Resource,32.246782515158884,-103.13437630966452
SPS.VOLT.0046,Resource,34.71413529882679,-103.10976238420443
SPS.VOLT.0047,Resource,32.27038135058613,-103.17532799830563
SPS.WILDORADO,Resource,35.31266532791518,-102.3200023857225
SPS.WTAMWIND,Resource,36.21750878755839,-101.01137597006556
SPS_SPS,Load,33.86459473879099,-103.11813680210462
SPS_WTMN_SPS,Load,33.75563258761392,-103.12293060189221
WFEC_CAPROCK_SOLAR,Resource,34.95694552600408,-103.35922634513355
WFEC_LC_GAS_PLANT,Resource,32.94703651893848,-103.33970996389219
WFEC_WILDCAT_WIND_FARM,Resource,33.528436561772175,-102.96074094890929
SSCN_NPPD,Load,41.394778511289175,-95.34986047734974
OKGE.VOLT.0070,Resource,35.350488055516216,-96.40368743863283
SPS.VOLT.0105,Resource,35.36855533674429,-101.83468573641552
UCUHUB,Hub,38.59297019179307,-101.43182014286344
UCUHUB17,Hub,38.58566661659409,-102.47958349565076
UCUHUB18,Hub,40.95781592558467,-101.02740934863763
UCUHUB19,Hub,41.16096675644517,-101.33438215744617
UCUHUB20,Hub,41.136052072604514,-101.30527941897532
UCUHUB21,Hub,39.24730836260431,-102.56642831119282
UCUHUB22,Hub,39.499118660354526,-102.157750385569
OKGE.VOLT.0040,Resource,35.418093872207635,-96.90368098844759
CPLE,Interface,40.749100046381194,-92.28762339685542
CPLW,Interface,40.74578281495301,-92.2539096332874
DUK,Interface,40.731053583631464,-92.19730632619923
NHC1,Interface,40.77247158822762,-92.24991467455582
SCEG,Interface,40.74069982410174,-92.26121912383573
YAD,Interface,40.77511655616015,-92.27716609642574
PSGO_TVA_CANRIVR,Resource,37.345315691718454,-97.15331093614802
TVA,Interface,40.79762623757896,-92.20776622243376
SPS.VOLT.0052,Resource,34.20820442695927,-101.79329093181222
CSWS.VOLT.0086,Resource,35.79140992272726,-95.78689968603055
WAUE.AWD1.AURAWIND,Resource,48.52667668007811,-103.09871320613615
WAUE.AWD2.AURAWIND,Hub,48.54622060711656,-102.88738141071579
WAUE.BEPM.AURORA,Resource,48.52593775450428,-103.07268909360221
WAUE.BEPM.AVS1,Resource,47.37433225948355,-101.82307185963862
WAUE.BEPM.AVS2,Resource,47.382138563208194,-101.84286522602892
WAUE.BEPM.BALDWIN,Resource,47.07858565944861,-100.71715901827324
WAUE.BEPM.BRADY1,Resource,47.26745381414689,-100.98211820178543
WAUE.BEPM.BRADY2,Resource,47.24340223870964,-100.96760983785718
WAUE.BEPM.BURKE,Resource,48.739315631816424,-102.65089206415024
WAUE.BEPM.CAMPBLCO,Resource,45.741652623602434,-100.23289729003496
WAUE.BEPM.CROSSWINDS,Resource,43.06478215832948,-94.91796193126237
WAUE.BEPM.CROWLAKE,Resource,43.90334317216244,-98.80482272220037
WAUE.BEPM.CULBERTSON1,Resource,48.20415502977527,-104.41724542565345
WAUE.BEPM.CULBERTSONWH,Resource,48.18811396893141,-104.39987040817127
WAUE.BEPM.DAYCOUNTY1,Resource,45.233584266908636,-97.89104668080779
WAUE.BEPM.DCS1,Resource,44.246507891926775,-96.51672726263801
WAUE.BEPM.EDGELEY,Resource,46.36341611285789,-98.89522977235711
WAUE.BEPM.EFW2,Resource,43.14845457801044,-95.24118723502374
WAUE.BEPM.ESTHERVILLE,Resource,43.40904934092245,-94.82928023592237
WAUE.BEPM.GARVINWH,Resource,44.462205367390744,-96.7303344636771
WAUE.BEPM.GGS1,Resource,45.35771200400415,-98.11764216397557
WAUE.BEPM.GGS2,Resource,45.37297024679011,-98.11003738639572
WAUE.BEPM.HANCOCK,Hub,42.87396874928262,-95.05468576361633
WAUE.BEPM.HIDEWOODWH,Resource,44.505575006189254,-96.7568117688057
WAUE.BEPM.HYDECOUNTY,Resource,43.988120037493545,-99.168322797767
WAUE.BEPM.LAKOTA,Resource,43.38991817055034,-94.16076394969578
WAUE.BEPM.LCS1,Resource,47.859004478535724,-103.57910705888588
WAUE.BEPM.LCS2,Resource,47.78647245890072,-103.55933820145297
WAUE.BEPM.LCS3,Resource,47.75147477343665,-103.62263224089463
WAUE.BEPM.LCS4,Resource,47.79206448030835,-103.57594306383939
WAUE.BEPM.LCS5,Resource,47.80976975500208,-103.57358654471622
WAUE.BEPM.LCS6,Resource,47.81061282798973,-103.58510097619684
WAUE.BEPM.LINDAHL,Resource,48.52504454709991,-102.96211047378826
WAUE.BEPM.LOS1,Resource,47.25636716174873,-101.3201859302386
WAUE.BEPM.LOS2,Resource,47.29606560945804,-101.29812894353654
WAUE.BEPM.LRSE,Resource,47.491691453273305,-101.09201174713004
WAUE.BEPM.MADISON,Resource,43.48268762238511,-97.80069643577006
WAUE.BEPM.MANNINGWH,Resource,48.025479449727975,-103.68774144748743
WAUE.BEPM.NEAL4,Resource,42.28383769539744,-96.37829636771482
WAUE.BEPM.PEMBROOKWH,Resource,45.23959280674425,-97.93573043240818
WAUE.BEPM.PGS1,Resource,48.23849047232155,-103.95858953705407
WAUE.BEPM.PGS11,Resource,48.24561728625885,-103.93541316473332
WAUE.BEPM.PGS12,Resource,48.22452841275277,-103.95620838907912
WAUE.BEPM.PGS13,Resource,48.20764919104299,-103.93735195791972
WAUE.BEPM.PGS14_16,Resource,48.245698849919606,-103.92042212919476
WAUE.BEPM.PGS17_19,Resource,48.20705655604802,-103.98033495247095
WAUE.BEPM.PGS2,Resource,48.24202388763511,-103.96706280599692
WAUE.BEPM.PGS20_22,Resource,48.27472592004865,-103.96767051064872
WAUE.BEPM.PGS3,Resource,48.219202513901315,-103.94681918591853
WAUE.BEPM.PREVAIL,Resource,43.039797248879424,-97.48989322213484
WAUE.BEPM.PW1,Resource,47.91943164653866,-101.27949603405789
WAUE.BEPM.SIOUXLNDCT,Resource,43.35763099074184,-97.21213060288896
WAUE.BEPM.SIOUXLNDSLD,Resource,43.32137827379013,-97.23309581402572
WAUE.BEPM.SMS1,Resource,42.91271651398219,-96.96587627531126
WAUE.BEPM.SMS2,Resource,42.91671131842514,-96.99850896259386
WAUE.BEPM.STANTHONYWH,Resource,47.25492461061686,-101.20414772541675
WAUE.BEPM.SUNFLOWER,Resource,46.78585868372873,-102.04400996696585
WAUE.BEPM.SUPERIOR,Resource,43.25054826112367,-95.54877102698724
WAUE.BEPM.WEBSTERCITY,Resource,42.49802583631274,-93.78543888661054
WAUE.BEPM.WILTON1,Resource,47.15613404195945,-100.70015344238006
WAUE.BEPM.WILTON2,Resource,47.13195582972365,-100.70490781170851
WAUE.BEPM.WISDOM1,Resource,43.16162352838765,-95.2584156099389
WAUE.BEPM.WOODLANDWH,Resource,44.87820805748746,-98.51094050726697
WAUE.BIGBEND.1_8,Resource,44.03454628376622,-99.45044541733496
WAUE.CRK1.CROCKER,Resource,45.076339631719065,-97.82336583887752
WAUE.FSE,Hub,42.784962763773954,-95.10968623624778
WAUE.FTPECK.1_3,Resource,48.03989469191748,-106.38335223953214
WAUE.FTPECK.4_5,Resource,48.00852764331394,-106.40966759907022
WAUE.FTRANDALL.1_2,Resource,43.095999592382945,-98.563260562705
WAUE.FTRANDALL.3_8,Resource,43.074805737388395,-98.54857398860558
WAUE.GARRISON.1_3,Resource,47.510434773845844,-101.42846450940901
WAUE.GARRISON.4_5,Resource,47.49752753053201,-101.43519925794725
WAUE.GAVINSPT.1_3,Resource,42.89303270916989,-97.4741342460971
WAUE.HCPD.WESS,Resource,44.04904764295144,-98.57901661680447
WAUE.LCE.WILCK,Resource,43.1796202898059,-97.29545575572573
WAUE.MRES.EXR1,Resource,42.92687610675606,-94.96528951504877
WAUE.MRES.EXR2,Resource,42.88313969621228,-94.99032958319984
WAUE.MRES.EXR3,Resource,42.8993708692689,-94.97543442093927
WAUE.MRES.WTRN,Resource,43.02690409494692,-97.32828449282215
WAUE.NMCA.ALGONA,Resource,43.11127070196768,-94.231855675876
WAUE.NMCA.ALTAMUN,Resource,42.68835892222723,-95.28277178358402
WAUE.NMCA.BANCROFT,Resource,43.307192412632226,-94.21289763340216
WAUE.NMCA.COONRAPIDS,Resource,42.7395915902775,-94.92573014685279
WAUE.NMCA.CROSSWINDS,Hub,43.114144290027,-94.95444705830734
WAUE.NMCA.GRAETTINGER,Resource,43.209986357300664,-94.74859075199564
WAUE.NMCA.GRUNDYCENTER,Resource,42.35261882271793,-92.78498985482396
WAUE.NMCA.HANCOCK,Hub,42.89956935764202,-95.00650172538006
WAUE.NMCA.LAURENS,Resource,42.8579604795073,-94.8818352457162
WAUE.NMCA.MILFORD,Resource,43.31259889917638,-95.16313073492506
WAUE.NMCA.NEAL4,Resource,42.287544039458844,-96.37966016905615
WAUE.NMCA.NEWHAMPTON,Resource,42.87092540222169,-94.62888466564176
WAUE.NMCA.SPENCER,Resource,43.12664812232432,-95.14997377803202
WAUE.NMCA.SUMNER,Resource,42.80032496711343,-94.69356112885548
WAUE.NMCA.WESTBEND,Resource,42.950216207572645,-94.44267124537345
WAUE.NMCA.WS4,Resource,43.32587393475882,-95.17150513987752
WAUE.NTWK,Hub,44.161075408871866,-96.84842541752516
WAUE.NWPS.AB1,Resource,44.20607763800038,-96.84462293178271
WAUE.NWPS.AB2,Resource,44.212204684255276,-96.86207736203885
WAUE.NWPS.AUR,Resource,43.722109190707926,-98.75960797280645
WAUE.NWPS.BEETHOVEN,Resource,43.16191249297858,-98.07771549747137
WAUE.NWPS.BIGSTONE1,Resource,45.28434981522953,-96.53879085033437
WAUE.NWPS.BRUL,Resource,43.68821180762725,-98.88315954137819
WAUE.NWPS.COYOTE1,Resource,47.230305534258456,-101.83107712620713
WAUE.NWPS.GLAN,Resource,43.18687193916325,-98.59994561713066
WAUE.NWPS.NEAL4,Resource,42.29811601007806,-96.39283295386619
WAUE.NWPS.OTE,Resource,44.938275717156664,-99.50802858332874
WAUE.NWPS.TITAN,Resource,43.35841058929144,-98.66489441771712
WAUE.OAHE.1,Resource,43.96544572334797,-98.75721709921089
WAUE.OAHE.2_7,Resource,43.943293677231445,-98.78042097318256
WAUE.OPPD.GRPR1,Resource,42.6324690564787,-98.42990940260299
WAUE.PCWF.PCWF,Resource,44.82736267195013,-95.57255699451382
WAUE.SUEZ.TPLH,Resource,39.50633469786539,-99.96001878172613
WAUE_BEPM,Load,42.68875359832259,-94.26067788354824
WAUE_BEPM_NMCA,Load,43.3455292786302,-94.74181161779799
WAUE_BEPM_NMCA_CRMUBTC1,Load,42.769788559984505,-94.95787130857283
WAUE_EWA,Load,44.6067263819736,-99.23171864518379
WAUE_HCPD_NTWK,Load,44.28380792595635,-98.32854939438477
WAUE_HMMU,Load,42.93058069692849,-94.78167375088705
WAUE_MEAN_RFIA,Load,42.79304005882751,-94.88333757528753
WAUE_MECB,Load,42.625789473487075,-95.23938512169559
WAUE_MMPA,Load,42.72095529612284,-94.02672280050918
WAUE_MRES,Load,43.96598347542202,-97.06281404156941
WAUE_NSP_BERTHOLD,Load,48.16178398471551,-103.89000385957529
WAUE_NWMT_HLL,Load,47.470790373939266,-103.60064838391727
WAUE_NWPS_NTWK,Load,44.804289790978586,-99.35708328671622
WAUE_OTP,Load,47.365044485461056,-99.8596087881856
WAUE_OTPW,Load,43.298630253840464,-94.29581080818116
WAUE_UGPM,Load,42.9392242858303,-97.15551902664187
WAUE_UGPM_BEPM,Load,43.54610559254595,-96.26650400460787
WAUE_UGPM_BEPMNI,Load,43.20154325706389,-95.88926320923346
WAUE_UGPM_COSUPP,Load,43.168878019395834,-94.88099415530775
WAUE_UGPM_EWA,Load,44.58752238855456,-99.21195694590077
WAUE_UGPM_HARLAN,Load,42.93794110488296,-94.78111916558129
WAUE_UGPM_HCPD,Load,44.925437023008136,-99.49598554837091
WAUE_UGPM_HILINE,Load,47.46417751240963,-103.57263220119371
WAUE_UGPM_MMPA,Load,42.704337522581426,-94.0022918130905
WAUE_UGPM_MRES,Load,42.93737538568449,-97.2863789769365
WAUE_UGPM_NWPS,Load,44.19016704406467,-99.19833634452282
WAUE_UGPM_OTP,Load,44.85608305043443,-97.7362461482853
BLUECANYON2,Resource,34.857899912335306,-98.59724324178798
BLUECANYON5,Resource,34.808168558789134,-98.45883147185042
BLUECANYON6,Resource,34.94249921603663,-98.53714126100344
CSWSLEEPINGBEAR,Resource,36.611047759857655,-99.49012841471796
OMPA_LAVERNE,Resource,36.73748556104109,-99.90088579621566
OMPA_MANGUM,Resource,34.91010751129334,-99.50215567860067
WFEC.BSWF.BSWF,Resource,36.57644842152025,-99.38852569606905
WFEC.MVWP.MVWP,Resource,36.278128197719084,-98.20723759046328
WFEC.PEOP.CENTRAHOMAEAST,Resource,35.29929053697027,-95.62822718526274
WFEC.PEOP.CENTRAHOMAWEST,Resource,35.32488093714617,-95.63220335998633
WFEC.PEOP.LELK,Resource,35.19858278457443,-98.91598383329261
WFEC.PEOP.LITTLEDIXIE,Resource,35.30337245537389,-95.69803973923668
WFEC_ANA_COMB_CYC_4,Resource,35.07195648738618,-98.23034924630458
WFEC_ANA_COMB_CYC_5,Resource,35.07380026891112,-98.22863752971944
WFEC_ANA_COMB_CYC_6,Resource,35.084132643959364,-98.235955890511
WFEC_ANA_GENCO_7,Resource,35.04317088535342,-98.20707331809989
WFEC_ANA_GENCO_8,Resource,35.062391628648996,-98.23640165940384
WFEC_ANA_ORME_10,Resource,35.09877219093787,-98.2284360336923
WFEC_ANA_ORME_11,Resource,35.09419029011259,-98.21233641994863
WFEC_ANA_ORME_9,Resource,35.08348370362337,-98.23313593584221
WFEC_ANA_STEAM_PLANT,Resource,35.06964062688592,-98.24341283442716
WFEC_BLUECAN_WIND_FARM,Resource,34.879952101944,-98.58952905168712
WFEC_BUFFBEAR_WIND_FARM,Resource,36.796721381071315,-99.67574813294729
WFEC_ENMC,Load,32.98111220225832,-100.48595605439472
WFEC_HUGO_PLANT,Resource,34.014603170004136,-95.37698313844966
WFEC_MOORELAND_2,Resource,36.43182750919778,-99.23727967025741
WFEC_MOORELAND_3,Resource,36.43777955059455,-99.2520568776432
WFEC_MOORELAND_PLANT,Resource,36.41537279621201,-99.18952226999816
WFEC_OKGE,Load,35.78482575215101,-96.90907962758321
WFEC_PEOP_LOAD,Load,35.354353735366395,-95.74266816886596
WFEC_REDHILLS_WIND_FARM,Resource,35.51279199640069,-99.37346372003006
WFEC_WFEC,Load,35.39440446069155,-96.86848365776196
WR.VOLT.0017,Resource,38.6454583065137,-96.80398696075126
CANEY_RIVER_WINDPOWER,Resource,37.45255287437761,-96.42235752484024
COWP_GEN1,Resource,36.7597045742371,-91.87774891322697
COWP_GEN2,Resource,37.386584620671854,-92.044059063503
CRTH_SPA,Load,37.39269752586487,-94.65010646921186
EDE.NEOSHORDGE,Resource,37.48788174997503,-95.3885326052368
FRONTIER,Resource,37.7163726274293,-96.94381009707253
KCPL.SLATECREEK,Resource,37.080786344529216,-97.27330332950338
KMEA_EMP3_CHAP12,Resource,38.48593522845737,-96.04028972371417
KMEA_EMP3_GIRA6,Resource,37.501776858634756,-94.82879944019784
KMEA_EMP3_GIRA7,Resource,37.485878330607875,-94.84322877357226
KMEA_EMP3_HOLT12,Resource,38.45984473833358,-96.03539700237603
KMEA_EMP3_HOLT13,Resource,38.44962787641411,-96.07772682356631
KMEA_EMP3_HOLT8,Resource,38.46113428275647,-96.03931812243383
KMEA_EMP3_JETM8,Resource,38.06194587359047,-99.88066484001378
KMEA_EMP3_STER3,Resource,38.23112108136914,-98.22428911326712
MIDW.INV.BKEYE,Resource,39.014884094664595,-99.4220559529622
MIDW.KACY.ALEX,Resource,38.423752901058954,-99.52984544256047
MIDW.KMEA.BKEYE,Resource,39.00534739696426,-99.41890691703532
MIDW.LES.BKEYE,Resource,39.05366371916197,-99.3837905244323
MIDW.NJAL.ALEX,Resource,38.42582501220498,-99.5269387469104
MO.AE.CHIL2.MP,Resource,39.82157729195397,-93.5740599363699
MO.AM.FRED1.MP,Resource,37.563842590769355,-90.3317601580832
MO.AM.FRED2.MP,Resource,37.54442591697777,-90.29186878254151
MO.AM.LADD.MP,Resource,39.25819986727675,-91.61175389068887
MPS.PRATT,Resource,37.658123839664604,-98.78649431121679
WR.AEPE.FLATRIDGE3,Resource,37.3990117033393,-98.38543654899877
WR.CBW,Resource,38.712108528557685,-99.7584795948656
WR.EMP.CT1,Resource,38.44747077249295,-96.04810765268718
WR.EMP.CT2,Resource,38.43777076971296,-96.05359851444193
WR.EMP.CT3,Resource,38.44798462465287,-96.07319114833265
WR.EMP.CT4,Resource,38.45322971793729,-96.06288501107862
WR.EMP.CT5,Resource,38.44559279296571,-96.07731336298512
WR.EMP.CT6,Resource,38.4670780170604,-96.04793139263549
WR.EMP.CT7,Resource,38.43696026633362,-96.06355911272384
WR.ERIE.EC,Resource,37.56853725141573,-95.22651803391543
WR.ETNA.ASSET1,Resource,38.58953162968732,-97.10471838214747
WR.GEEC.GT1,Resource,37.80232078831266,-97.52599279453717
WR.GEEC.GT2,Resource,37.82099303363219,-97.50828607842635
WR.GEEC.GT3,Resource,37.783680183149386,-97.53101798286929
WR.GSEC.DIAMONDVIST,Resource,38.60372680567551,-97.04064118609574
WR.HEC.GT1,Resource,38.65568530470601,-96.99480945939575
WR.HEC.GT2,Resource,38.52457510260264,-97.02336627816663
WR.HEC.GT3,Resource,38.53415302869142,-97.08932781082515
WR.HEC.GT4,Resource,38.525254132063544,-97.09796117404156
WR.IRSH.IRSH,Resource,39.71496302809111,-96.44139949823779
WR.JAYHAWK,Resource,37.66510843884081,-95.03537539264704
WR.JEC.1,Resource,39.286248757565396,-96.13689214961579
WR.JEC.2,Resource,39.271903995057734,-96.15381740171435
WR.JEC.3,Resource,39.258484655723876,-96.09086137951671
WR.KMW.1,Resource,37.399972561795096,-98.06353066699585
WR.KMW.2,Resource,37.485470587730504,-98.16808566401755
WR.LEC.4,Resource,39.02660125066555,-95.28247845484199
WR.LEC.5,Resource,39.004000226499244,-95.27071216463497
WR.MCPH.CT1,Resource,38.410536224682616,-97.59494491953843
WR.MCPH.CT2,Resource,38.34388844807332,-97.66201764411208
WR.MCPH.CT3,Resource,38.37592391077345,-97.60167075637465
WR.MCPH.CT4,Resource,38.40813515129877,-97.63236165263
WR.MIDW.SMOKY1.ENEL,Resource,38.89522478903309,-98.12197585084739
WR.MIDW.SMOKY2.ENEL,Resource,38.91347946181028,-98.1703211258119
WR.MW.COLBY.MW,Resource,39.43736830686282,-101.06242654804565
WR.MW.GMEC.MW,Resource,38.9230390800922,-99.38136645662685
WR.MW.GMEC2.MW,Resource,38.92714015616382,-99.36472139772549
WR.MW.KSE.MW,Resource,38.36579644684458,-97.88946796056828
WR.MW.SMOK2.CU,Resource,38.87667851497284,-98.20277527902702
WR.MWE1.MARSHALLWIND,Resource,39.67869902525565,-96.34642326252342
WR.NSW,Resource,37.505243524833205,-98.31250743803213
WR.PRW.GEN,Resource,38.371044330800586,-97.85567412120925
WR.READ.READ,Resource,38.48790945087686,-95.95247228098509
WR.SHARPE.KEPC,Resource,38.270462759337846,-95.7014185003761
WR.SOCW.SOCW,Resource,40.37565090811287,-95.90630711514339
WR.SPRM.ETNADVISTA,Resource,38.600858261121346,-97.04562680311987
WR.SWITCHGRASS,Resource,37.70571266617909,-97.03373784016584
WR.THAYERLD,Load,37.438013228499386,-91.7656172825141
WR.VOLT.0013,Resource,38.58258688682848,-95.93387154741494
WR.VOLT.0014,Resource,38.865348577893755,-95.39372933663428
WR.VOLT.0048,Hub,38.44237537099223,-97.60069872376046
WR.VOLT.0054,Resource,38.51822088370025,-97.04021225845428
WR.WMRM.1,Resource,38.52808850030857,-95.93943147402423
WR.WOLF,Resource,38.224546369731264,-95.69707222503048
WR_CH_CHAN14GT,Resource,37.69232529626119,-95.46609702856715
WR_FLATRIDGE2SWPCO1,Resource,37.39649033200871,-98.26787593644586
WR_FLATRIDGE2SWPCO2,Resource,37.362335799751015,-98.25718240921861
WR_FLATRIDGE2TSA,Resource,37.376982758612264,-98.27233439901431
WR_FLATRIDGESOUTH,Resource,37.347714851379024,-98.25489859075587
WR_KPP_NITS,Load,37.970218165040365,-97.06085277476429
WR_KPP_SESC,Resource,38.465345098638494,-97.52870169564316
WR_KP_AUGICN1,Resource,37.70303955491829,-96.9747981010775
WR_KP_AUGICN2,Resource,37.70805291090069,-96.95233351306958
WR_KP_AUGICN3,Resource,37.64048506105565,-96.9686634552314
WR_KP_AUGICN4,Resource,37.66422126718888,-96.95865829690904
WR_KP_CCPUCIC1,Resource,38.56638484891729,-96.0982305756793
WR_KP_CCPUCIC2,Resource,38.56632424364392,-96.07182280827786
WR_KP_CCPUCIC3,Resource,38.55124510907845,-96.10219197178904
WR_KP_CCPUCIC4,Resource,38.55323091176524,-96.07475372091336
WR_KP_CCPUCIC5,Resource,38.56448384511711,-96.11246181114292
WR_KP_CCPUCIC8,Resource,38.56154957724761,-96.11105045832745
WR_KP_WELLTNGT,Resource,37.265525064671984,-97.43424178341637
WR_KP_WELLTNST,Resource,37.27816498701361,-97.40728386128183
WR_KP_WINFLDGT,Resource,37.28100748677071,-97.2914546742555
WR_KP_WINFLDST,Resource,37.317913128757084,-97.27616243549795
WR_MIDW,Load,38.90752598587659,-99.40861902286522
WR_MOPEP_KCPL,Load,39.51940107608131,-92.12784567654563
WR_MOPEP_MPS,Load,39.90528424783748,-93.77666172376134
WR_MW_KPP_NITS,Load,38.488501128744566,-99.55756285052954
WR_SEG,Load,37.60978128595321,-95.16779194504119
WR_WR,Load,38.32331509640411,-96.24646843756439
